fname,ridge,rf,lr,gb,xbg,dt,lasso,enr,knn
D1656_D1657_D1658.csv,649.7711055698016,720.5853247219193,282.90433209258487,699.5889969241953,724.7444583019578,74.83670395869191,771.2008155935398,697.8421853355518,710.2018072289156
D1660_D1661_D1662.csv,174.1749884477886,126.38243461459834,256.6552643822691,131.8811010222696,139.03835005326704,246.77199216781722,131.86143250696725,137.40298967241984,181.83665014246208
D2059_D2060_D2061.csv,677.9084319853241,727.5777791999134,676.3974268078966,743.7416965823497,745.9184216485507,78.83567714435512,774.3732050641346,774.3732050641346,762.4544927536232
D1615_D1616_D1617.csv,839.4648142546076,815.5921952047286,861.7178960574923,791.4894290695266,800.8753522208567,124.54855537720705,761.596500183413,764.8369094330156,806.877369462092
