fname,ridge,rf,lr,gb,xbg,dt,lasso,enr,knn
D1656_D1657_D1658.csv,0.31223435198772037,0.34616443353849596,0.13593503062341075,0.3360318831134929,0.3480707100356931,0.027115448799527698,0.37026305468506415,0.33513601111678387,0.3411093736679093
D1660_D1661_D1662.csv,0.09376521715607823,0.06915880111175758,0.1382134313751905,0.07226373940525117,0.07607543177849252,0.15303343295413008,0.07130642926611087,0.0741620669008753,0.09887642230126924
D2059_D2060_D2061.csv,0.44244154707648525,0.4743835621530851,0.4414918398187101,0.48486768324599244,0.4863220908588027,0.03561561875484662,0.504446241592941,0.504446241592941,0.4972571928889756
D1615_D1616_D1617.csv,0.17680071032139386,0.17174565846752288,0.18108087569169767,0.16690503993477615,0.16841860038132442,0.03178302408457092,0.16202544039053632,0.16279920212900847,0.1696136150949468
