fname,ridge,rf,lr,gb,xbg,dt,lasso,enr,knn
D1656_D1657_D1658.csv,433846.84179572645,526681.9512100584,113780.80089152786,496303.6015977517,539862.5371727024,8503.417180200393,599500.500814365,493635.8578091868,516495.7763554217
D1660_D1661_D1662.csv,47893.99352648394,18816.000410941215,96750.93628191618,21362.115323918304,22629.191370662775,88928.90345178983,24482.201755711245,27781.578975918157,44679.88761659079
D2059_D2060_D2061.csv,470336.76594326,536176.0861165641,471436.63844270795,559414.2932606824,563941.7797117976,11161.943851786671,601768.3961057932,601768.3961057932,588127.4009768118
D1615_D1616_D1617.csv,1067354.305855494,1007481.1332278596,1067115.8008223935,951364.5283554173,978499.322995177,24088.11746557237,867544.4006404101,873100.9688501836,990979.9088240047
