fname,ridge,rf,lr,gb,xbg,dt,lasso,enr,knn
D1656_D1657_D1658.csv,658.6705107986287,725.7285657944425,337.3140982697401,704.4881841434615,734.7533852747481,92.21397497234567,774.274176770971,702.5922414951555,718.6764058708354
D1660_D1661_D1662.csv,218.84696371319373,137.17142709376913,311.0481253470533,146.15784386723246,150.43002150722035,298.20949591149815,156.46789368976386,166.6780698709886,211.3761756125576
D2059_D2060_D2061.csv,685.811027866467,732.2404564871871,686.6124368540873,747.9400331983055,750.9605713429951,105.65010104958098,775.7373241670102,775.7373241670102,766.8946478994437
D1615_D1616_D1617.csv,1033.1284072444694,1003.7335967416153,1033.012972243037,975.3791715817072,989.191246926082,155.20347117758794,931.4206357175099,934.3987204883061,995.479738027854
