fname,ridge,rf,lr,gb,xbg,dt,lasso,enr,knn
D1637.csv,409.10802410532403,1261.590230443108,415.03857327286465,1158.5825745386107,1291.516745806538,1129.6491228070176,362.7118578151887,367.40839406073326,1512.4298245614036
D3623.csv,38.51654731162135,38.74209353092382,100.64738063283313,25.306123690476404,27.676877477501378,38.64351851851852,19.183799369964262,36.358484641465786,57.381812903878135
D2052.csv,291.55360128153757,555.0647266565967,829.2153442972212,248.12905613520053,264.380034417817,244.65714285714284,242.68618600655842,262.66968319900553,348.6092032276996
D3618.csv,28.94579661202589,28.84621341113339,34.88336916799773,33.12139707668022,36.5872722074129,28.828662275764998,28.55080126642242,28.681511645678096,35.86197916666667
D136.csv,563.3998634224706,841.1559376459838,939.9313704045825,847.3450809821428,827.8826743654262,940.4761904761904,557.6271273720278,556.036616580939,647.0454545454545
D41.csv,609.6937073627965,2611.898503895613,609.5751743242253,2569.2828460775095,2614.2308714615074,2555.1708333333336,580.3098618933781,582.3136099418431,2606.0035416666665
D1643.csv,106.88978861489576,121.97573046778864,239.518691556244,139.55874557651185,123.52803260515604,129.14940643274855,105.42053003262983,98.18578323464263,155.3284210526316
D2050.csv,33.98411852824816,160.7955151019052,33.79380861162967,147.4167101391875,168.2463440955096,136.43760330578516,33.080153488847934,33.5715128051636,164.29190082644624
