fname,ridge,rf,lr,gb,xbg,dt,lasso,enr,knn
D1637.csv,0.0473378836494969,0.14642750942500515,0.04797933737300435,0.1340422127566473,0.1500265727572038,0.1305758603033274,0.04224234787875389,0.04275747554723187,0.1766399281493958
D3623.csv,0.017136389735916607,0.01726480746914107,0.044850039608264294,0.011107874221084536,0.012284776813312538,0.01721542905034512,0.0084568044739385,0.016171257650262155,0.025534852252334157
D2052.csv,0.07174079225451813,0.1295837924924452,0.230633339556995,0.060290621594225755,0.0650086137054885,0.05911729555180189,0.06283675832301781,0.06668695841489765,0.085552908443048
D3618.csv,0.01973772549228193,0.019600297988480606,0.02342561561293716,0.02250713786471803,0.02465587491970188,0.01945201591321936,0.019426389129009364,0.019509209686015022,0.024319433115202044
D136.csv,0.13636277338038708,0.19011922482343538,0.22783528912292556,0.1943365600081073,0.18972019890425226,0.22524054318697173,0.1324963561250233,0.1324640481543068,0.15362355699855704
D41.csv,0.09013191139561379,0.39295243730217394,0.09011534023650218,0.38721899205834426,0.3931790796213237,0.38522652016040837,0.08495385295136693,0.085308203439128,0.39217655137548224
D1643.csv,0.0769767644671062,0.09350236771564195,0.17486468098516156,0.1000341785991835,0.09062303681473877,0.09750241712132326,0.07852328893796956,0.07201396795638322,0.1145268256972812
D2050.csv,0.014723924701839227,0.06901130106143397,0.01462329432636487,0.06317245040107963,0.07228077058518885,0.05849987893582918,0.014311797644206018,0.014513128460367354,0.07054644695544893
