fname,ridge,rf,lr,gb,xbg,dt,lasso,enr,knn
D1637.csv,283962.7198678989,1958333.5199055232,294400.15004743775,1708706.4610720014,2034733.365234895,1640843.4210526317,227102.63368827873,232763.38120880292,2648962.4298245613
D3623.csv,2078.0851185760175,2027.5009112614748,14684.899126456628,1131.135073577659,1197.8683571142476,1927.0548705593344,665.6566959148727,1864.790069578468,3842.878782384148
D2052.csv,128659.29081598615,473201.2250024058,1237924.4892024125,92153.14227378406,99570.04432391614,89718.821875,92652.68595289085,98260.71587381455,176951.23490990093
D3618.csv,1358.0856645853228,1262.4275307258802,1866.6768233481519,1641.1497175354077,1857.3528051602395,1213.6468368001674,1257.462476005406,1262.9395513844186,1826.780546875
D136.csv,437904.36008341645,1113542.6692250476,1201012.1693200064,1078746.800342375,1039036.9625107292,1319298.469387755,458418.8599370635,453570.9774769815,571180.6818181818
D41.csv,642174.7921262354,9483488.864152037,641981.017012345,9251209.175763573,9487978.051293205,9162769.017604167,574638.4048139701,578833.3823362122,9453323.5739125
D1643.csv,20878.740196060444,28441.9306257208,88277.33656974637,31537.230227426306,24960.369464380652,31055.436248089256,23553.458005691355,19959.495421746225,40703.632378947375
D2050.csv,1957.6537414010995,30621.78328109869,2170.651657972415,27303.51639570257,32260.28094109605,22257.506797520666,2054.545952358457,1967.7690389976544,31217.21895537188
